id;заголовок;текст новости;категория новости
1;Роспотребнадзор оштрафовал «КвантМайнд» за недостоверную рекламу чат-бота;Территориальное управление Роспотребнадзора вынесло постановление о штрафе в отношении разработчика голосовых ассистентов «КвантМайнд». Регулятор установил, что рекламные материалы обещали «100% точность распознавания речи», хотя внутренние тесты компании показывали существенно более низкие показатели. Штраф составил 800 тысяч рублей, компании предписано убрать спорные формулировки из рекламных материалов в течение 10 дней. В компании заявили, что уже готовят исправленную версию промо-страницы.;надзорная санкция и юридический риск
2;ФАС возбудила дело против «Смартфактор» по подозрению в демпинге на тендере;Федеральная антимонопольная служба начала проверку по жалобе участников тендера на автоматизацию контакт-центра одного из региональных операторов связи. По версии заявителей, «Смартфактор» подала заявку с ценой на треть ниже себестоимости, чтобы вытеснить конкурентов. Ведомство запросило у компании расчёт себестоимости проекта и внутреннюю документацию по ценообразованию. Решение по делу ожидается в течение двух месяцев.;надзорная санкция и юридический риск
3;Суд обязал «ЛогикАрхив» выплатить компенсацию за нарушение условий лицензии на датасет;Арбитражный суд удовлетворил иск издательского дома к разработчику «ЛогикАрхив» о неправомерном использовании архива статей для обучения генеративной модели. Суд обязал ответчика выплатить 22 млн рублей компенсации и удалить спорные материалы из обучающего корпуса. Компании также предписано подтвердить факт удаления независимым аудитом в течение месяца. Решение вступит в силу, если не будет обжаловано в апелляции.;надзорная санкция и юридический риск
4;Прокуратура проверяет «Октагон Дата» после жалоб на утечку данных клиентов;В прокуратуру поступили обращения пользователей сервиса аналитики «Октагон Дата» с жалобами на появление их персональных данных в открытом доступе. Проверяющие запросили у компании логи доступа к базе данных и внутренние регламенты информационной безопасности. По предварительным данным, утечка могла произойти через тестовый контур, который не был должным образом изолирован от продакшена. Итоги проверки станут известны после завершения экспертизы.;надзорная санкция и юридический риск
5;«Праймтех» внесён в реестр нарушителей за неисполнение требований по локализации данных;Роскомнадзор включил разработчика CRM-решений с элементами ИИ «Праймтех» в реестр организаций, нарушивших требования о хранении персональных данных россиян на территории страны. Проверка показала, что часть данных клиентов дублировалась на зарубежном сервере для целей резервного копирования. Компании выдано предписание перенести резервные копии на территорию РФ в течение 30 дней. Юристы компании сообщили, что уже начали миграцию инфраструктуры.;надзорная санкция и юридический риск
6;Сотрудники «ВиральТех» пожаловались на переработки и токсичную атмосферу;На популярной площадке отзывов о работодателях появилась серия постов бывших сотрудников разработчика рекламных ИИ-инструментов «ВиральТех». Авторы описывают систематические переработки без компенсации и практику публичной критики сотрудников на общих созвонах. Публикации набрали несколько тысяч репостов и попали в подборки профильных телеграм-каналов об HR-практиках в ИТ. Пресс-служба компании от комментариев пока воздержалась.;репутационный риск
7;Утечка переписки «Инсайт Диджитал» показала обсуждение манипуляций с рейтингами;В открытый доступ попал фрагмент внутренней переписки сотрудников платформы бизнес-аналитики «Инсайт Диджитал», в котором обсуждается закупка накрутки положительных отзывов на агрегаторах. Скриншоты разошлись в профильных чатах и вызвали волну обсуждений о честности рейтингов в отрасли. Несколько партнёров компании заявили, что запросят официальные разъяснения. Компания пока не подтвердила и не опровергла подлинность переписки.;репутационный риск
8;Клиенты «СемантикХаб» пожаловались на игнорирование обращений по сбоям биллинга;В отраслевом чате поддержки клиенты сервиса автоматизации документооборота «СемантикХаб» сообщили о повторяющихся ошибках двойного списания средств. По словам заявителей, обращения в поддержку неделями остаются без ответа, а публичный статус инцидента на сайте компании не обновлялся почти месяц. Несколько пользователей объявили о намерении перейти на альтернативные решения. Компания пообещала опубликовать разбор инцидента позже на этой неделе.;репутационный риск
9;Модель «ГенерацияПлюс» выдала оскорбительный ответ пользователю, скриншот разошёлся в сети;Пользователь чат-бота для подбора персонала от «ГенерацияПлюс» опубликовал скриншот с некорректным и уничижительным ответом системы на нейтральный вопрос о вакансии. Публикация быстро разошлась в тематических телеграм-каналах, где обсуждают этичность ИИ-инструментов в найме. Компания подтвердила инцидент и сообщила, что временно ограничила работу модуля для доработки фильтров. Специалисты по этике ИИ отметили случай как пример недостаточного тестирования перед релизом.;репутационный риск
10;Бывший партнёр обвинил «НейроСфера» в присвоении совместной разработки;Основатель небольшой ИТ-студии публично заявил, что алгоритм распознавания образов, представленный «НейроСфера» как собственная разработка, был создан в рамках совместного проекта без указания соавторства. Заявление сопровождается перепиской и черновиками технической документации. Юристы студии готовят претензию о нарушении интеллектуальных прав. Представители «НейроСфера» назвали обвинения необоснованными и пообещали публичный ответ.;репутационный риск
11;«Кодариум» представил новую версию платформы на профильной конференции;На отраслевой конференции по разработке ИИ-решений компания «Кодариум» показала обновлённую версию платформы для автоматизации клиентской поддержки. В презентации особое внимание уделили новому модулю аналитики диалогов и интеграции с популярными CRM-системами. Компания также анонсировала пилотное партнёрство с одним из региональных банков. Демонстрация собрала полный зал и попала в отчёты профильных изданий с конференции.;PR-активность конкурента
12;«МодельОн» объявила о ребрендинге перед выходом на международный рынок;Разработчик платформы прогнозной аналитики «МодельОн» представил новое название и визуальную айдентику в рамках подготовки к запуску продаж за пределами России. Компания сообщила, что обновление сопровождается редизайном сайта и обновлением линейки тарифов. Ребрендинг приурочен к участию в крупной международной выставке технологий следующей осенью. Маркетинговая команда компании назвала это «новым этапом развития бренда».;PR-активность конкурента
13;«СтратоЛогика» выпустила открытый отчёт о трендах рынка генеративных моделей;Аналитический отдел компании «СтратоЛогика» опубликовал исследование с прогнозом развития рынка генеративных ИИ-решений на ближайшие три года. Отчёт включает данные опроса нескольких сотен ИТ-директоров и обзор регуляторных инициатив. Материал получил цитирование в нескольких деловых изданиях и профильных дайджестах. Компания планирует сделать публикацию подобных отчётов регулярной практикой.;PR-активность конкурента
14;«Праймтех» запустила образовательную программу для разработчиков;Компания «Праймтех» объявила о старте бесплатного образовательного курса по разработке ИИ-агентов для сотрудников небольших ИТ-компаний и студентов профильных вузов. Первый поток набрал более пятисот заявок за первую неделю регистрации. Программа включает практические задания на реальных кейсах компании и сертификат по итогам обучения. Инициативу поддержали несколько отраслевых образовательных платформ, разместивших анонс на своих ресурсах.;PR-активность конкурента
15;«Вертикаль ИИ» стала генеральным спонсором отраслевой премии;Компания «Вертикаль ИИ» выступила генеральным спонсором ежегодной премии в области искусственного интеллекта, вручаемой на крупном отраслевом форуме. В рамках спонсорского пакета компания разместила стенд с демонстрацией продуктов и провела серию коротких докладов для участников. Организаторы отметили вклад компании в развитие мероприятия в официальном пресс-релизе. Логотип «Вертикаль ИИ» появился на всех промо-материалах премии этого года.;PR-активность конкурента
16;Крупный сбой платформы «Синтеза Групп» оставил клиентов без сервиса на сутки;Платформа автоматизации маркетинга «Синтеза Групп» столкнулась с масштабным сбоем инфраструктуры, из-за которого клиенты более суток не могли получить доступ к личным кабинетам. В компании сообщили, что причиной стала ошибка при обновлении балансировщика нагрузки на основном дата-центре. Несколько крупных клиентов публично пожаловались на простой в социальных сетях и потребовали компенсацию. Полное восстановление сервиса заняло больше 30 часов.;системная проблема (возможность для входа)
17;Массовый уход разработчиков из «Октагон Дата» в конкурирующую компанию;По данным профильных телеграм-каналов, из инженерной команды сервиса аналитики «Октагон Дата» за последний месяц уволились более десяти специалистов, включая двух тимлидов. Источники связывают уход сотрудников с задержками выплаты премий и заморозкой части проектов. Часть команды, по имеющимся сведениям, перешла в один и тот же конкурирующий продукт. Компания официально не комментирует кадровые изменения.;системная проблема (возможность для входа)
18;Релиз флагманского продукта «ДиалогПро» отложен на полгода;Компания «ДиалогПро» сообщила клиентам о переносе выхода новой версии платформы для автоматизации колл-центров с весны на осень. В официальном письме причиной названы «дополнительные требования к тестированию безопасности». Несколько крупных клиентов в переписке с партнёрами заявили, что уже рассматривают альтернативные решения на время ожидания. Задержка стала второй за последний год для этого продукта.;системная проблема (возможность для входа)
19;Повышение цен «Инсайт Диджитал» вызвало отток клиентов среднего бизнеса;После объявления о повышении тарифов на 40% часть клиентов платформы бизнес-аналитики «Инсайт Диджитал» из сегмента среднего бизнеса заявила об отказе от продления подписки. В профильных чатах пользователи обсуждают переход на более доступные альтернативы с похожим функционалом. Компания объяснила рост цен увеличением затрат на вычислительные мощности. Часть клиентов попросила отсрочку перехода на новые условия до конца квартала.;системная проблема (возможность для входа)
20;Очередь обращений в поддержку «ПиксельВерсум» выросла до недели ожидания;Пользователи сервиса генерации визуального контента «ПиксельВерсум» жалуются на резкое увеличение времени ответа службы поддержки — по их словам, среднее время ожидания выросло до семи дней. В компании подтвердили рост числа обращений после запуска новой функции и сообщили о найме дополнительных специалистов поддержки. Часть пользователей уже перешла на использование альтернативных сервисов для срочных задач. Ситуация обсуждается в нескольких профильных сообществах дизайнеров.;системная проблема (возможность для входа)
21;«Кодариум» победил в отраслевом рейтинге по точности распознавания речи;Независимая исследовательская лаборатория опубликовала результаты сравнительного тестирования систем распознавания речи, в котором решение «Кодариум» показало лучший результат среди отечественных разработчиков. Тестирование проводилось на выборке из нескольких тысяч аудиозаписей с разным качеством звука и диалектными особенностями. Результаты рейтинга уже цитируются в нескольких профильных изданиях. Компания назвала победу подтверждением многолетних инвестиций в качество моделей.;признание качества и конкурсы
22;«МодельОн» получила сертификат соответствия международному стандарту качества данных;Компания «МодельОн» подтвердила соответствие своих процессов работы с данными международному стандарту качества, пройдя независимый аудит. Сертификация охватывает процессы сбора, разметки и хранения данных, используемых для обучения моделей. В компании отметили, что сертификат упростит переговоры с зарубежными партнёрами. Аудит проводился в течение трёх месяцев профильной сертифицирующей организацией.;признание качества и конкурсы
23;«СемантикХаб» выиграл тендер на автоматизацию госуслуг в регионе;По итогам открытого конкурса компания «СемантикХаб» получила контракт на внедрение системы автоматической обработки обращений граждан в одном из региональных правительств. Проект предполагает интеграцию с существующими государственными информационными системами в течение года. Тендерная комиссия отметила в протоколе наиболее проработанную техническую часть заявки среди участников. Сумма контракта не раскрывается.;признание качества и конкурсы
24;«Вертикаль ИИ» заняла первое место в бенчмарке по скорости инференса;На независимом бенчмарке производительности моделей машинного обучения решение «Вертикаль ИИ» показало лучшее время отклика среди протестированных отечественных платформ. Тестирование проводилось на стандартизированном наборе задач с фиксированной вычислительной конфигурацией. Организаторы бенчмарка опубликовали полную методологию и исходные данные теста. Компания отметила результат как подтверждение эффективности собственной архитектуры инференса.;признание качества и конкурсы
25;«ГенерацияПлюс» получила премию «Лучший продукт года» в номинации ИИ для бизнеса;На ежегодной отраслевой премии продукт компании «ГенерацияПлюс» для автоматизации подбора персонала был признан лучшим в номинации «ИИ для бизнеса». Жюри отметило удобство интеграции решения с существующими HR-системами и качество объяснимости рекомендаций модели. Награждение прошло в рамках крупной технологической конференции. Представители компании назвали премию признанием работы всей продуктовой команды.;признание качества и конкурсы
26;Обзор рынка ИИ-решений упомянул «Смартфактор» в общем списке игроков;В аналитическом обзоре состояния рынка автоматизации контакт-центров компания «Смартфактор» упоминается в перечне из десяти представленных на рынке решений без отдельного комментария или оценки. Основное внимание материала уделено общим трендам отрасли и прогнозам роста сегмента. Упоминание ограничивается одной строкой в сравнительной таблице поставщиков. Отдельных заявлений от компании по поводу публикации не поступало.;косвенное упоминание
27;Исследование консалтинговой компании процитировало комментарий представителя «ЛогикАрхив»;В отраслевом исследовании о перспективах работы с большими языковыми моделями представитель компании «ЛогикАрхив» дал общий комментарий о трендах локализации моделей под отраслевую специфику. Цитата занимает один абзац в объёмном материале, посвящённом рынку в целом. Никаких данных о собственных продуктах или показателях компании в цитате не приводится. Публикация вышла в рамках регулярной аналитической рассылки консалтинговой фирмы.;косвенное упоминание
28;«НейроСфера» упомянута в сравнительной таблице поставщиков для ритейла;В обзорной статье о поставщиках ИИ-решений для розничной торговли компания «НейроСфера» указана как один из вариантов для сегмента прогнозирования спроса. Таблица содержит краткие технические характеристики без оценки качества или отзывов клиентов. Статья ориентирована на общее знакомство читателя с категорией решений, а не на анализ конкретных поставщиков. Других упоминаний компании в тексте статьи нет.;косвенное упоминание
29;«Октагон Дата» упомянута среди участников рабочей группы по стандартизации;В отчёте отраслевой ассоциации о ходе работы над стандартами обмена данными между ИИ-системами компания «Октагон Дата» перечислена в списке участников профильной рабочей группы. Отчёт описывает общий прогресс по разработке стандарта, не детализируя вклад отдельных участников. Список из пятнадцати компаний приведён в приложении к документу. Отдельной позиции или комментария от «Октагон Дата» отчёт не содержит.;косвенное упоминание
30;Представитель «Праймтех» выступил в числе спикеров отраслевой конференции;В новостной заметке об итогах прошедшей конференции по автоматизации бизнес-процессов упоминается выступление представителя «Праймтех» в общем списке из двадцати спикеров секции. Заметка кратко перечисляет темы докладов без подробного пересказа содержания. Основное внимание материала уделено общей статистике посещаемости мероприятия. Отдельного упоминания продуктов или достижений компании в тексте нет.;косвенное упоминание
31;«Кодариум» переехала в новый офис в деловом квартале;Компания «Кодариум» сообщила о переезде московского офиса в новый бизнес-центр с более просторными переговорными и зоной отдыха для сотрудников. В корпоративном блоге опубликована фотоподборка с открытия пространства. Переезд не связан с изменением численности штата или структуры компании. Новый адрес офиса уже обновлён на сайте компании.;информационный шум
32;«МодельОн» провела традиционный корпоративный хакатон для сотрудников;В минувшие выходные компания «МодельОн» организовала внутренний хакатон, участники которого за два дня разрабатывали прототипы внутренних инструментов для собственных нужд команды. Мероприятие проходит третий год подряд и не связано с внешними продуктами компании. Победители получили символические призы и упоминание во внутренней рассылке. Итоги хакатона не публиковались за пределами компании.;информационный шум
33;Сотрудники «Синтеза Групп» приняли участие в корпоративном забеге;Команда компании «Синтеза Групп» выступила на городском благотворительном забеге в честь начала лета, собрав небольшую сумму пожертвований для местного приюта для животных. Фотографии с мероприятия появились в корпоративных социальных сетях компании. Участие в забеге является ежегодной традицией для команды. Событие не имеет отношения к продуктам или бизнес-показателям компании.;информационный шум
34;облако таракан вторник алгоритм фиолетовый суп;чашка бежит квадратный вторник дождь алгоритм три пуговицы небо шкаф громко сервер варенье вторая пятница облако несёт стул мимо озера тихо квант жёлтый вторник пуговица бежит сервер дождь три чашки алгоритм.;информационный шум
35;пятница шкаф дождь три квадрат;сервер несёт бежит облако пуговица вторник алгоритм тихо квант жёлтый суп таракан фиолетовый громко озеро стул варенье мимо небо три чашки дождь вторник алгоритм пятница шкаф квадрат несёт бежит.;информационный шум
